"cisa","yr","id","nes","samp","ad","age","fledged","hatched","eggs","nsuccess","mean_lui","TET..A","TET..B","TET..Y","TET..K","TET..M","TET..Q","TET..S","TET..W","sulI","sulII","str","aadA","catI","catII","ermB","ermF","qnrB","blaTEM","qnrS","mecA","mcr.1","TET","SULF","AMIN","PHEN","MACR","BLACT","QUIN","POLIMYX","sum","MDR","s.nsuccess","s.lui","s.age","TET..A_inv10","TET..B_inv10","TET..Y_inv10","TET..K_inv10","TET..M_inv10","TET..Q_inv10","TET..S_inv10","TET..W_inv10","sulI_inv10","sulII_inv10","str_inv10","aadA_inv10","catI_inv10","catII_inv10","ermB_inv10","ermF_inv10","qnrB_inv10","qnrS_inv10","blaTEM_inv10","mecA_inv10","mcr.1_inv10","Burden_inv10","Burden_Log10"
21001,2020,"55","8",2,"F3AA",4,0,4,4,0,NA,NA,NA,NA,NA,NA,-2.1,NA,NA,NA,NA,NA,NA,NA,NA,NA,NA,NA,-0.5,NA,NA,NA,1,0,0,0,0,1,0,0,2,0,-1.94170776517039,NA,-0.929370020634369,NA,NA,NA,NA,NA,0.00794328234724281,NA,NA,NA,NA,NA,NA,NA,NA,NA,NA,NA,NA,0.316227766016838,NA,NA,0.324171048364081,-2.6
21002,2020,"57","10",2,"N170",9,3,3,3,100,NA,NA,NA,NA,NA,NA,-1.6,-2,NA,NA,NA,NA,NA,NA,NA,NA,NA,NA,-1.6,NA,NA,NA,1,0,0,0,0,1,0,0,2,0,1.52857845343201,NA,0.187269803907551,NA,NA,NA,NA,NA,0.0251188643150958,0.01,NA,NA,NA,NA,NA,NA,NA,NA,NA,NA,NA,0.0251188643150958,NA,NA,0.0602377286301916,-5.2
21003,2020,"51","12",1,"C98A",NA,2,2,5,40,NA,NA,NA,NA,NA,NA,-5.2,NA,NA,NA,-4.1,NA,-4.4,NA,NA,NA,NA,NA,-4.2,NA,NA,NA,1,1,1,0,0,1,0,0,4,1,-0.553593277729429,NA,NA,NA,NA,NA,NA,NA,6.30957344480193e-06,NA,NA,NA,7.94328234724282e-05,NA,3.98107170553497e-05,NA,NA,NA,NA,NA,NA,6.30957344480193e-05,NA,NA,0.000188648848420599,-17.9
21004,2020,"29","34",2,"A09X",10,0,5,5,0,NA,NA,NA,NA,-5.7,NA,-4.5,-4.4,NA,NA,NA,NA,NA,NA,NA,-3.8,NA,NA,-3.4,NA,NA,NA,1,0,0,0,1,1,0,0,3,1,-1.94170776517039,NA,0.410597768815935,NA,NA,NA,1.99526231496888e-06,NA,3.16227766016838e-05,3.98107170553497e-05,NA,NA,NA,NA,NA,NA,NA,0.000158489319246111,NA,NA,NA,0.000398107170553497,NA,NA,0.000630025245771611,-21.8
21005,2020,"27","35",2,"CX94_F104",5,2,2,3,67,NA,NA,NA,NA,NA,NA,-3,-3.5,-3,NA,-3,-3.8,-3.1,NA,NA,-2.4,NA,-2.5,-2.2,NA,NA,NA,1,1,1,0,1,1,1,0,6,1,0.383384001293217,NA,-0.706042055725985,NA,NA,NA,NA,NA,0.001,0.000316227766016838,0.001,NA,0.001,0.000158489319246111,0.000794328234724281,NA,NA,0.00398107170553497,NA,0.00316227766016838,NA,0.00630957344480193,NA,NA,0.0177219681304925,-26.5
21006,2020,"9","40",2,"SXX1",NA,2,4,5,40,NA,NA,NA,NA,NA,NA,-2.7,NA,NA,NA,NA,NA,NA,NA,NA,NA,NA,NA,-1.7,NA,NA,NA,1,0,0,0,0,1,0,0,2,0,-0.553593277729429,NA,NA,NA,NA,NA,NA,NA,0.00199526231496888,NA,NA,NA,NA,NA,NA,NA,NA,NA,NA,NA,NA,0.0199526231496888,NA,NA,0.0219478854646577,-4.4
21007,2020,"35","109",2,"CXW3",5,3,4,5,60,NA,NA,NA,NA,NA,NA,-3.4,-3.6,NA,NA,NA,NA,NA,NA,NA,NA,NA,NA,-2.9,NA,NA,NA,1,0,0,0,0,1,0,0,2,0,0.140463965991049,NA,-0.706042055725985,NA,NA,NA,NA,NA,0.000398107170553497,0.000251188643150958,NA,NA,NA,NA,NA,NA,NA,NA,NA,NA,NA,0.00125892541179417,NA,NA,0.00190822122549862,-9.9
21008,2020,"39","143",1,"0|005_02L1",2.5,2,4,4,50,NA,NA,NA,NA,-5,NA,-4.4,NA,NA,NA,NA,NA,NA,NA,NA,NA,NA,NA,-3,NA,NA,NA,1,0,0,0,0,1,0,0,2,0,-0.20656465586919,NA,-1.26436196799695,NA,NA,NA,1e-05,NA,3.98107170553497e-05,NA,NA,NA,NA,NA,NA,NA,NA,NA,NA,NA,NA,0.001,NA,NA,0.00104981071705535,-12.4
21009,2020,"33","147",2,"0|05W",3,0,4,4,0,NA,NA,NA,NA,NA,NA,NA,NA,NA,NA,NA,NA,NA,NA,NA,NA,NA,NA,-0.3,NA,NA,NA,0,0,0,0,0,1,0,0,1,0,-1.94170776517039,NA,-1.15269798554275,NA,NA,NA,NA,NA,NA,NA,NA,NA,NA,NA,NA,NA,NA,NA,NA,NA,NA,0.501187233627272,NA,NA,0.501187233627272,-0.3
21010,2020,"1","157",2,"X219",NA,2,2,2,100,NA,NA,NA,-3.7,-4.9,NA,NA,NA,NA,NA,NA,NA,NA,NA,NA,NA,NA,NA,-3.8,NA,NA,NA,1,0,0,0,0,1,0,0,2,0,1.52857845343201,NA,NA,NA,NA,0.000199526231496888,1.25892541179417e-05,NA,NA,NA,NA,NA,NA,NA,NA,NA,NA,NA,NA,NA,NA,0.000158489319246111,NA,NA,0.000370604804860941,-12.4
21011,2020,"3","160",1,"CXCN",5,0,0,0,0,NA,NA,-3.6,NA,-4.3,NA,-3.9,-3.6,NA,NA,NA,NA,-4.2,NA,NA,NA,NA,-5,-2.8,NA,NA,NA,1,0,1,0,0,1,1,0,4,1,-1.94170776517039,NA,-0.706042055725985,NA,0.000251188643150958,NA,5.01187233627273e-05,NA,0.000125892541179417,0.000251188643150958,NA,NA,NA,NA,6.30957344480193e-05,NA,NA,NA,NA,1e-05,NA,0.00158489319246111,NA,NA,0.00233637747775319,-27.4
21012,2020,"23","230",2,NA,NA,0,2,3,0,NA,NA,NA,NA,-5,NA,NA,-4,NA,NA,NA,NA,NA,NA,NA,NA,NA,NA,-3.4,NA,NA,-4.5,1,0,0,0,0,1,0,1,3,1,-1.94170776517039,NA,NA,NA,NA,NA,1e-05,NA,NA,1e-04,NA,NA,NA,NA,NA,NA,NA,NA,NA,NA,NA,0.000398107170553497,NA,3.16227766016838e-05,0.000539729947155181,-16.9
21013,2020,"15","234",2,"C982",6,0,4,4,0,NA,NA,NA,NA,NA,NA,-0.5,NA,NA,NA,NA,NA,NA,NA,NA,NA,NA,NA,1.7,NA,NA,NA,1,0,0,0,0,1,0,0,2,0,-1.94170776517039,NA,-0.482714090817601,NA,NA,NA,NA,NA,0.316227766016838,NA,NA,NA,NA,NA,NA,NA,NA,NA,NA,NA,NA,50.1187233627272,NA,NA,50.4349511287441,1.2
21014,2020,"43","236",2,"N4N6",7,1,2,2,50,NA,NA,NA,NA,NA,NA,NA,NA,NA,NA,NA,NA,NA,NA,NA,NA,-0.8,NA,1.7,NA,NA,NA,0,0,0,0,1,1,0,0,2,0,-0.20656465586919,NA,-0.259386125909217,NA,NA,NA,NA,NA,NA,NA,NA,NA,NA,NA,NA,NA,NA,NA,0.158489319246111,NA,NA,50.1187233627272,NA,NA,50.2772126819733,0.9
21015,2020,"17","240",2,"N0XF",10,0,4,4,0,NA,NA,-3.7,NA,-3.8,NA,NA,-3.7,NA,NA,NA,NA,NA,NA,NA,-2.8,NA,NA,-3.5,NA,NA,NA,1,0,0,0,1,1,0,0,3,1,-1.94170776517039,NA,0.410597768815935,NA,0.000199526231496888,NA,0.000158489319246111,NA,NA,0.000199526231496888,NA,NA,NA,NA,NA,NA,NA,0.00158489319246111,NA,NA,NA,0.000316227766016838,NA,NA,0.00245866274071784,-17.5
21016,2020,"37","300",1,"F3C0",4,1,4,3,33,NA,NA,NA,NA,-4.8,-4.5,NA,NA,NA,NA,-4.2,-4.6,-4.5,-4.2,NA,-0.2,-2.7,NA,-4,NA,NA,NA,1,1,1,1,1,1,0,0,6,1,-0.796513313031597,NA,-0.929370020634369,NA,NA,NA,1.58489319246111e-05,3.16227766016838e-05,NA,NA,NA,NA,6.30957344480193e-05,2.51188643150958e-05,3.16227766016838e-05,6.30957344480193e-05,NA,0.630957344480193,0.00199526231496888,NA,NA,1e-04,NA,NA,0.633283011613501,-33.7
21017,2020,"25","304",2,"C967",6,4,4,4,100,NA,NA,NA,NA,NA,NA,-4.1,NA,NA,NA,-3.2,-2.7,-3.1,-2.5,NA,-1.3,-1.9,NA,-3.4,NA,NA,NA,1,1,1,1,1,1,0,0,6,1,1.52857845343201,NA,-0.482714090817601,NA,NA,NA,NA,NA,7.94328234724282e-05,NA,NA,NA,0.000630957344480193,0.00199526231496888,0.000794328234724281,0.00316227766016838,NA,0.0501187233627272,0.0125892541179417,NA,NA,0.000398107170553497,NA,NA,0.0697683430290365,-22.2
21018,2020,"21","305",2,"84FN",10,0,1,2,0,NA,NA,NA,NA,NA,NA,-2.9,NA,NA,NA,-2.5,-2.2,NA,NA,NA,NA,-2.8,NA,NA,NA,NA,NA,1,1,1,0,1,0,0,0,4,1,-1.94170776517039,NA,0.410597768815935,NA,NA,NA,NA,NA,0.00125892541179417,NA,NA,NA,0.00316227766016838,0.00630957344480193,NA,NA,NA,NA,0.00158489319246111,NA,NA,NA,NA,NA,0.0123156697092256,-10.4
21019,2020,"19","802",1,"890S",NA,0,0,1,0,NA,-5.9,NA,-5.3,NA,NA,-4.8,-4.3,NA,NA,-5.3,NA,-5.3,-5.6,NA,-4.3,-5.3,-3.4,-1.7,NA,NA,NA,1,1,1,1,1,1,1,0,7,1,-1.94170776517039,NA,NA,1.25892541179417e-06,NA,5.01187233627272e-06,NA,NA,1.58489319246111e-05,5.01187233627273e-05,NA,NA,5.01187233627272e-06,NA,5.01187233627272e-06,2.51188643150958e-06,NA,5.01187233627273e-05,5.01187233627272e-06,0.000398107170553497,NA,0.0199526231496888,NA,NA,0.0204906350000808,-51.2
21020,2020,"41","901",2,"6WMS",19,3,4,5,60,NA,NA,NA,NA,NA,NA,-4.9,NA,NA,NA,NA,NA,NA,NA,NA,NA,-3.5,NA,-1.8,NA,NA,NA,1,0,0,0,1,1,0,0,3,1,0.140463965991049,NA,2.42054945299139,NA,NA,NA,NA,NA,1.25892541179417e-05,NA,NA,NA,NA,NA,NA,NA,NA,NA,0.000316227766016838,NA,NA,0.0158489319246111,NA,NA,0.0161777489447459,-10.2
21021,2020,"49","910",2,"MX76",9,4,4,4,100,NA,NA,NA,NA,NA,NA,NA,NA,NA,NA,NA,NA,NA,NA,NA,NA,NA,NA,-2.7,NA,NA,NA,0,0,0,0,0,1,0,0,1,0,1.52857845343201,NA,0.187269803907551,NA,NA,NA,NA,NA,NA,NA,NA,NA,NA,NA,NA,NA,NA,NA,NA,NA,NA,0.00199526231496888,NA,NA,0.00199526231496888,-2.7
21022,2020,"47","911",2,"CX7V",5,3,4,4,75,NA,-3.9,NA,NA,NA,NA,-3.9,-3,NA,NA,-2.9,NA,NA,NA,NA,NA,NA,NA,-0.5,NA,NA,NA,1,1,0,0,0,1,0,0,3,1,0.661006898781409,NA,-0.706042055725985,0.000125892541179417,NA,NA,NA,NA,0.000125892541179417,0.001,NA,NA,0.00125892541179417,NA,NA,NA,NA,NA,NA,NA,NA,0.316227766016838,NA,NA,0.318738476510991,-14.2
21023,2020,"31","952",2,"X42F",16,3,4,5,60,NA,NA,NA,NA,NA,NA,-5.1,NA,NA,NA,NA,NA,NA,NA,NA,NA,NA,NA,-2.1,NA,NA,NA,1,0,0,0,0,1,0,0,2,0,0.140463965991049,NA,1.75056555826624,NA,NA,NA,NA,NA,7.94328234724282e-06,NA,NA,NA,NA,NA,NA,NA,NA,NA,NA,NA,NA,0.00794328234724281,NA,NA,0.00795122562959006,-7.2
21024,2020,"7","973",2,"72VC",19,3,4,5,60,NA,NA,NA,NA,NA,NA,NA,NA,NA,NA,NA,NA,NA,NA,NA,NA,NA,NA,-0.4,NA,NA,NA,0,0,0,0,0,1,0,0,1,0,0.140463965991049,NA,2.42054945299139,NA,NA,NA,NA,NA,NA,NA,NA,NA,NA,NA,NA,NA,NA,NA,NA,NA,NA,0.398107170553497,NA,NA,0.398107170553497,-0.4
21025,2020,"13","1901",2,"0|00L_MX7S",6,3,3,3,100,NA,-2.9,NA,NA,NA,NA,NA,NA,NA,NA,NA,NA,NA,NA,NA,NA,NA,NA,0.5,NA,NA,NA,1,0,0,0,0,1,0,0,2,0,1.52857845343201,NA,-0.482714090817601,0.00125892541179417,NA,NA,NA,NA,NA,NA,NA,NA,NA,NA,NA,NA,NA,NA,NA,NA,NA,3.16227766016838,NA,NA,3.16353658558017,-2.4
21026,2020,"45","1907",2,"CX9V_F102",5,2,2,3,67,NA,NA,NA,NA,NA,NA,-6,NA,NA,NA,NA,NA,NA,NA,NA,NA,NA,NA,-2.6,NA,NA,NA,1,0,0,0,0,1,0,0,2,0,0.383384001293217,NA,-0.706042055725985,NA,NA,NA,NA,NA,1e-06,NA,NA,NA,NA,NA,NA,NA,NA,NA,NA,NA,NA,0.00251188643150958,NA,NA,0.00251288643150958,-8.6
21027,2020,"53","1908",2,"C9AM",6,2,3,4,50,NA,-1.4,NA,NA,NA,NA,-1.4,NA,NA,NA,NA,NA,NA,NA,NA,NA,NA,NA,NA,NA,NA,NA,1,0,0,0,0,0,0,0,1,0,-0.20656465586919,NA,-0.482714090817601,0.0398107170553497,NA,NA,NA,NA,0.0398107170553497,NA,NA,NA,NA,NA,NA,NA,NA,NA,NA,NA,NA,NA,NA,NA,0.0796214341106995,-2.8
21028,2020,"61","2018",1,"0|053",3,0,0,3,0,NA,-5.1,NA,NA,NA,NA,-5.3,-4.9,NA,NA,NA,NA,NA,NA,NA,NA,NA,NA,-2,NA,NA,NA,1,0,0,0,0,1,0,0,2,0,-1.94170776517039,NA,-1.15269798554275,7.94328234724282e-06,NA,NA,NA,NA,5.01187233627272e-06,1.25892541179417e-05,NA,NA,NA,NA,NA,NA,NA,NA,NA,NA,NA,0.01,NA,NA,0.0100255444088015,-17.3
21029,2020,"5","301b",2,"NA8A",6,4,4,4,100,NA,NA,NA,NA,NA,NA,-5.8,NA,NA,NA,NA,NA,NA,NA,NA,NA,NA,NA,-2.2,NA,NA,NA,1,0,0,0,0,1,0,0,2,0,1.52857845343201,NA,-0.482714090817601,NA,NA,NA,NA,NA,1.58489319246111e-06,NA,NA,NA,NA,NA,NA,NA,NA,NA,NA,NA,NA,0.00630957344480193,NA,NA,0.00631115833799439,-8
21030,2020,"11","974b",1,"891V",12,3,3,5,60,NA,NA,NA,NA,NA,NA,-5.5,NA,NA,NA,NA,NA,NA,NA,NA,NA,NA,NA,-3.1,NA,NA,NA,1,0,0,0,0,1,0,0,2,0,0.140463965991049,NA,0.857253698632703,NA,NA,NA,NA,NA,3.16227766016838e-06,NA,NA,NA,NA,NA,NA,NA,NA,NA,NA,NA,NA,0.000794328234724281,NA,NA,0.00079749051238445,-8.6
21031,2020,"59","A02",1,"C981",6,0,0,0,0,NA,NA,NA,NA,NA,NA,-4.8,NA,NA,NA,NA,NA,NA,NA,NA,NA,NA,NA,-1.6,NA,NA,NA,1,0,0,0,0,1,0,0,2,0,-1.94170776517039,NA,-0.482714090817601,NA,NA,NA,NA,NA,1.58489319246111e-05,NA,NA,NA,NA,NA,NA,NA,NA,NA,NA,NA,NA,0.0251188643150958,NA,NA,0.0251347132470204,-6.4
21032,2020,"69","10",3,"N170",9,3,3,3,100,NA,-3.7,NA,NA,NA,NA,-4.1,NA,NA,NA,-3.4,NA,NA,NA,NA,NA,NA,NA,-0.7,NA,NA,NA,1,1,0,0,0,1,0,0,3,1,1.52857845343201,NA,0.187269803907551,0.000199526231496888,NA,NA,NA,NA,7.94328234724282e-05,NA,NA,NA,0.000398107170553497,NA,NA,NA,NA,NA,NA,NA,NA,0.199526231496888,NA,NA,0.200203297722411,-11.9
21033,2020,"105","12",2,"C98A",NA,2,2,5,40,NA,NA,NA,NA,NA,NA,-5.2,NA,NA,NA,NA,NA,-4.8,NA,NA,NA,NA,NA,-1.4,NA,NA,NA,1,0,1,0,0,1,0,0,3,1,-0.553593277729429,NA,NA,NA,NA,NA,NA,NA,6.30957344480193e-06,NA,NA,NA,NA,NA,1.58489319246111e-05,NA,NA,NA,NA,NA,NA,0.0398107170553497,NA,NA,0.0398328755607191,-11.4
21034,2020,"87","34",1,"A09X",10,0,5,5,0,NA,-4.8,NA,-4.6,NA,NA,-4.9,NA,-4.7,NA,-4.8,NA,-4.5,NA,NA,-4.2,-4.8,NA,-1.1,-3.6,NA,NA,1,1,1,0,1,1,1,0,6,1,-1.94170776517039,NA,0.410597768815935,1.58489319246111e-05,NA,2.51188643150958e-05,NA,NA,1.25892541179417e-05,NA,1.99526231496888e-05,NA,1.58489319246111e-05,NA,3.16227766016838e-05,NA,NA,6.30957344480193e-05,1.58489319246111e-05,NA,0.000251188643150958,0.0794328234724281,NA,NA,0.0798839381639854,-42
21035,2020,"85","35",3,"CX94_F104",5,2,2,3,67,NA,NA,NA,NA,NA,NA,-6.3,NA,NA,NA,-5.2,NA,NA,NA,NA,NA,NA,NA,-2.4,NA,NA,NA,1,1,0,0,0,1,0,0,3,1,0.383384001293217,NA,-0.706042055725985,NA,NA,NA,NA,NA,5.01187233627272e-07,NA,NA,NA,6.30957344480193e-06,NA,NA,NA,NA,NA,NA,NA,NA,0.00398107170553497,NA,NA,0.0039878824662134,-13.9
21036,2020,"115","40",3,"SXX1",NA,2,4,5,40,NA,NA,NA,NA,NA,NA,-4,NA,NA,-2.3,NA,NA,NA,NA,NA,NA,NA,NA,-1.2,NA,NA,NA,1,1,0,0,0,1,0,0,3,1,-0.553593277729429,NA,NA,NA,NA,NA,NA,NA,1e-04,NA,NA,0.00501187233627272,NA,NA,NA,NA,NA,NA,NA,NA,NA,0.0630957344480193,NA,NA,0.0682076067842921,-7.5
21037,2020,"97","109",3,"CXW3",5,3,4,5,60,NA,NA,NA,NA,NA,NA,-5.7,NA,NA,-3.9,NA,-5.4,NA,NA,NA,NA,NA,-5.1,-3.4,-4.4,NA,NA,1,1,1,0,0,1,1,0,5,1,0.140463965991049,NA,-0.706042055725985,NA,NA,NA,NA,NA,1.99526231496888e-06,NA,NA,0.000125892541179417,NA,3.98107170553497e-06,NA,NA,NA,NA,NA,7.94328234724282e-06,3.98107170553497e-05,0.000398107170553497,NA,NA,0.00057773004515601,-27.9
21038,2020,"101","143",2,"0|005_02L1",2.5,2,4,4,50,NA,NA,NA,NA,NA,NA,NA,NA,NA,-3.1,NA,NA,NA,NA,NA,NA,NA,-4.5,-1.8,-4.3,NA,NA,0,1,0,0,0,1,1,0,3,1,-0.20656465586919,NA,-1.26436196799695,NA,NA,NA,NA,NA,NA,NA,NA,0.000794328234724281,NA,NA,NA,NA,NA,NA,NA,3.16227766016838e-05,5.01187233627273e-05,0.0158489319246111,NA,NA,0.0167250016592998,-13.7
21039,2020,"91","147",3,"0|05W",3,0,4,4,0,NA,NA,NA,NA,NA,NA,-5.6,NA,NA,-3.7,NA,NA,NA,NA,NA,NA,NA,-5.5,-1.5,-4.7,NA,NA,1,1,0,0,0,1,1,0,4,1,-1.94170776517039,NA,-1.15269798554275,NA,NA,NA,NA,NA,2.51188643150958e-06,NA,NA,0.000199526231496888,NA,NA,NA,NA,NA,NA,NA,3.16227766016838e-06,1.99526231496888e-05,0.0316227766016838,NA,NA,0.031847929620422,-21
21041,2020,"117","234",3,"C982",6,0,4,4,0,NA,NA,NA,-3.1,-3.8,NA,-3.6,NA,NA,-1.9,NA,NA,NA,NA,NA,NA,NA,NA,-0.3,NA,NA,NA,1,1,0,0,0,1,0,0,3,1,-1.94170776517039,NA,-0.482714090817601,NA,NA,0.000794328234724281,0.000158489319246111,NA,0.000251188643150958,NA,NA,0.0125892541179417,NA,NA,NA,NA,NA,NA,NA,NA,NA,0.501187233627272,NA,NA,0.514980493942335,-12.7
21042,2020,"77","236",3,"N4N6",7,1,2,2,50,NA,NA,NA,NA,1,NA,-0.2,-0.3,NA,NA,NA,NA,-0.7,NA,NA,NA,NA,NA,1.2,NA,NA,NA,1,0,1,0,0,1,0,0,3,1,-0.20656465586919,NA,-0.259386125909217,NA,NA,NA,10,NA,0.630957344480193,0.501187233627272,NA,NA,NA,NA,0.199526231496888,NA,NA,NA,NA,NA,NA,15.8489319246111,NA,NA,27.1806027342155,1
21044,2020,"89","304",3,"C967",6,4,4,4,100,NA,-5.1,NA,NA,-5.6,NA,-5.7,-4.7,NA,-3.9,-4.1,-4.5,-4.6,NA,NA,-3.9,NA,-5.6,-1.1,NA,NA,NA,1,1,1,0,1,1,1,0,6,1,1.52857845343201,NA,-0.482714090817601,7.94328234724282e-06,NA,NA,2.51188643150958e-06,NA,1.99526231496888e-06,1.99526231496888e-05,NA,0.000125892541179417,7.94328234724282e-05,3.16227766016838e-05,2.51188643150958e-05,NA,NA,0.000125892541179417,NA,2.51188643150958e-06,NA,0.0794328234724281,NA,NA,0.0798556979598511,-48.8
21046,2020,"79","901",3,"6WMS",19,3,4,5,60,NA,NA,-4.2,-5.1,-5.3,NA,-5.6,-4.9,NA,-3.9,-4.7,-4.9,-5.2,NA,NA,NA,NA,-5.2,-2,NA,NA,-5.2,1,1,1,0,0,1,1,1,6,1,0.140463965991049,NA,2.42054945299139,NA,6.30957344480193e-05,7.94328234724282e-06,5.01187233627272e-06,NA,2.51188643150958e-06,1.25892541179417e-05,NA,0.000125892541179417,1.99526231496888e-05,1.25892541179417e-05,6.30957344480193e-06,NA,NA,NA,NA,6.30957344480193e-06,NA,0.01,NA,6.30957344480193e-06,0.0102685151684624,-56.2
21047,2020,"103","910",3,"MX76",9,4,4,4,100,NA,-3.6,NA,NA,NA,NA,-4,NA,NA,-2.6,NA,-3.7,NA,NA,NA,NA,NA,NA,NA,NA,NA,NA,1,1,1,0,0,0,0,0,3,1,1.52857845343201,NA,0.187269803907551,0.000251188643150958,NA,NA,NA,NA,1e-04,NA,NA,0.00251188643150958,NA,0.000199526231496888,NA,NA,NA,NA,NA,NA,NA,NA,NA,NA,0.00306260130615743,-13.9
21048,2020,"71","911",3,"CX7V",5,3,4,4,75,NA,NA,NA,NA,NA,NA,NA,NA,NA,0.7,-0.1,NA,NA,NA,NA,NA,NA,NA,NA,NA,NA,NA,0,1,0,0,0,0,0,0,1,0,0.661006898781409,NA,-0.706042055725985,NA,NA,NA,NA,NA,NA,NA,NA,5.01187233627272,0.794328234724281,NA,NA,NA,NA,NA,NA,NA,NA,NA,NA,NA,5.806200570997,0.6
21049,2020,"83","952",3,"X42F",16,3,4,5,60,NA,NA,NA,NA,NA,NA,-0.6,-0.5,NA,NA,NA,NA,NA,NA,NA,NA,NA,NA,1.4,NA,NA,NA,1,0,0,0,0,1,0,0,2,0,0.140463965991049,NA,1.75056555826624,NA,NA,NA,NA,NA,0.251188643150958,0.316227766016838,NA,NA,NA,NA,NA,NA,NA,NA,NA,NA,NA,25.1188643150958,NA,NA,25.6862807242636,0.3
21050,2020,"81","973",3,"72VC",19,3,4,5,60,NA,NA,NA,NA,NA,NA,-1.7,NA,NA,NA,-1.5,NA,-1.6,NA,NA,NA,NA,-0.1,NA,NA,NA,NA,1,1,1,0,0,0,1,0,4,1,0.140463965991049,NA,2.42054945299139,NA,NA,NA,NA,NA,0.0199526231496888,NA,NA,NA,0.0316227766016838,NA,0.0251188643150958,NA,NA,NA,NA,0.794328234724281,NA,NA,NA,NA,0.87102249879075,-4.9
21051,2020,"111","1901",3,"0|00L_MX7S",6,3,3,3,100,NA,NA,NA,NA,NA,NA,-0.9,NA,NA,NA,NA,NA,NA,NA,NA,NA,NA,NA,NA,NA,NA,NA,1,0,0,0,0,0,0,0,1,0,1.52857845343201,NA,-0.482714090817601,NA,NA,NA,NA,NA,0.125892541179417,NA,NA,NA,NA,NA,NA,NA,NA,NA,NA,NA,NA,NA,NA,NA,0.125892541179417,-0.9
21052,2020,"75","1907",3,"CX9V_F102",5,2,2,3,67,NA,NA,NA,NA,NA,NA,NA,NA,NA,NA,NA,NA,NA,NA,NA,NA,NA,NA,1.7,NA,NA,NA,0,0,0,0,0,1,0,0,1,0,0.383384001293217,NA,-0.706042055725985,NA,NA,NA,NA,NA,NA,NA,NA,NA,NA,NA,NA,NA,NA,NA,NA,NA,NA,50.1187233627272,NA,NA,50.1187233627272,1.7
21053,2020,"73","1908",3,"C9AM",6,2,3,4,50,NA,NA,NA,-2.3,NA,NA,-2.3,-2.3,NA,NA,NA,NA,NA,NA,NA,NA,NA,NA,-0.1,NA,NA,NA,1,0,0,0,0,1,0,0,2,0,-0.20656465586919,NA,-0.482714090817601,NA,NA,0.00501187233627272,NA,NA,0.00501187233627272,0.00501187233627272,NA,NA,NA,NA,NA,NA,NA,NA,NA,NA,NA,0.794328234724281,NA,NA,0.8093638517331,-7
21055,2020,"63","301b",3,"NA8A",6,4,4,4,100,NA,NA,NA,NA,NA,NA,-1.4,NA,NA,NA,NA,NA,NA,NA,NA,NA,NA,NA,0.9,NA,NA,NA,1,0,0,0,0,1,0,0,2,0,1.52857845343201,NA,-0.482714090817601,NA,NA,NA,NA,NA,0.0398107170553497,NA,NA,NA,NA,NA,NA,NA,NA,NA,NA,NA,NA,7.94328234724282,NA,NA,7.98309306429817,-0.5
21056,2020,"113","974b",3,"891V",12,3,3,5,60,NA,NA,NA,NA,NA,NA,-1.8,NA,NA,NA,NA,NA,NA,NA,NA,NA,-1.4,NA,1.3,NA,NA,NA,1,0,0,0,1,1,0,0,3,1,0.140463965991049,NA,0.857253698632703,NA,NA,NA,NA,NA,0.0158489319246111,NA,NA,NA,NA,NA,NA,NA,NA,NA,0.0398107170553497,NA,NA,19.9526231496888,NA,NA,20.0082827986688,-1.9
21230,2021,"213","34",1,"A09X",11,4,4,5,80,0.055556,NA,NA,NA,NA,NA,NA,NA,NA,NA,NA,NA,NA,NA,NA,NA,NA,NA,0.9,NA,NA,NA,0,0,0,0,0,1,0,0,1,0,0.834521209711528,-0.711211964865043,0.633925733724319,NA,NA,NA,NA,NA,NA,NA,NA,NA,NA,NA,NA,NA,NA,NA,NA,NA,NA,7.94328234724282,NA,NA,7.94328234724282,0.9
21231,2021,"267","12",1,"C98A",NA,3,3,3,100,0,NA,NA,-3.2,-1.9,-4.2,-3.1,-1,NA,NA,NA,-3,NA,NA,NA,-2.4,NA,NA,-1.3,NA,NA,NA,1,0,1,0,1,1,0,0,4,1,1.52857845343201,-1.18819828996463,NA,NA,NA,0.000630957344480193,0.0125892541179417,6.30957344480193e-05,0.000794328234724281,0.1,NA,NA,NA,0.001,NA,NA,NA,0.00398107170553497,NA,NA,NA,0.0501187233627272,NA,NA,0.169177430499856,-20.1
21232,2021,"215","147",1,"0|05W",4,1,1,3,33,0,-4.4,-4.1,NA,-2.6,NA,-5,-1.5,NA,NA,NA,-3.3,-3.7,NA,NA,-2.3,NA,NA,-2.1,NA,NA,NA,1,0,1,0,1,1,0,0,4,1,-0.796513313031597,-1.18819828996463,-0.929370020634369,3.98107170553497e-05,7.94328234724282e-05,NA,0.00251188643150958,NA,1e-05,0.0316227766016838,NA,NA,NA,0.000501187233627273,0.000199526231496888,NA,NA,0.00501187233627272,NA,NA,NA,0.00794328234724281,NA,NA,0.0479197747223609,-29
21233,2021,"269","911",1,"CX7V",6,1,1,4,25,0.277778,NA,NA,NA,NA,NA,NA,NA,NA,NA,NA,NA,-0.6,NA,NA,NA,NA,NA,0.1,NA,NA,NA,0,0,1,0,0,1,0,0,2,0,-1.07413621051979,1.19671616416297,-0.482714090817601,NA,NA,NA,NA,NA,NA,NA,NA,NA,NA,NA,0.251188643150958,NA,NA,NA,NA,NA,NA,1.25892541179417,NA,NA,1.51011405494513,-0.5
21234,2021,"203","160",1,NA,NA,0,0,4,0,NA,NA,NA,-1.4,-2.8,NA,-2.4,-1.3,NA,NA,-3.4,-2.9,NA,NA,NA,-1.8,NA,NA,-2.6,NA,NA,NA,1,1,1,0,1,1,0,0,5,1,-1.94170776517039,NA,NA,NA,NA,0.0398107170553497,0.00158489319246111,NA,0.00398107170553497,0.0501187233627272,NA,NA,0.000398107170553497,0.00125892541179417,NA,NA,NA,0.0158489319246111,NA,NA,NA,0.00251188643150958,NA,NA,0.115513256254541,-18.6
21235,2021,"207","157",1,"N14X",10,3,3,5,60,0.27777778,NA,NA,NA,NA,NA,NA,-0.8,NA,NA,NA,NA,NA,NA,NA,NA,NA,NA,1.6,NA,NA,NA,1,0,0,0,0,1,0,0,2,0,0.140463965991049,1.19671427531223,0.410597768815935,NA,NA,NA,NA,NA,NA,0.158489319246111,NA,NA,NA,NA,NA,NA,NA,NA,NA,NA,NA,39.8107170553497,NA,NA,39.9692063745958,0.8
21236,2021,"265","1908",1,"C9AM_7326",13.5,3,5,5,60,0.083333335,NA,-0.6,NA,-1.4,NA,NA,-1.2,NA,NA,NA,NA,-0.8,NA,NA,NA,NA,NA,1.8,NA,NA,NA,1,0,1,0,0,1,0,0,3,1,0.140463965991049,-0.472724511795885,1.19224564599528,NA,0.251188643150958,NA,0.0398107170553497,NA,NA,0.0630957344480193,NA,NA,NA,NA,0.158489319246111,NA,NA,NA,NA,NA,NA,63.0957344480193,NA,NA,63.6083188619198,-2.2
21237,2021,"275","240",2,NA,NA,2,4,5,40,NA,NA,NA,NA,NA,NA,NA,-0.6,NA,NA,NA,-1.7,NA,NA,NA,NA,NA,NA,0.3,NA,NA,NA,1,0,1,0,0,1,0,0,3,1,-0.553593277729429,NA,NA,NA,NA,NA,NA,NA,NA,0.251188643150958,NA,NA,NA,0.0199526231496888,NA,NA,NA,NA,NA,NA,NA,1.99526231496888,NA,NA,2.26640358126953,-2
21238,2021,"285","A02",1,NA,NA,3,3,5,60,NA,NA,NA,NA,NA,NA,NA,-1.2,NA,NA,NA,NA,NA,NA,NA,NA,NA,NA,1.3,NA,NA,NA,1,0,0,0,0,1,0,0,2,0,0.140463965991049,NA,NA,NA,NA,NA,NA,NA,NA,0.0630957344480193,NA,NA,NA,NA,NA,NA,NA,NA,NA,NA,NA,19.9526231496888,NA,NA,20.0157188841368,0.1
21239,2021,"219","143",1,"0|005",4,3,3,4,75,0,NA,NA,NA,NA,NA,NA,-1.8,NA,NA,-2,-3.3,NA,NA,NA,-1.8,NA,NA,-0.6,NA,NA,NA,1,1,1,0,1,1,0,0,5,1,0.661006898781409,-1.18819828996463,-0.929370020634369,NA,NA,NA,NA,NA,NA,0.0158489319246111,NA,NA,0.01,0.000501187233627273,NA,NA,NA,0.0158489319246111,NA,NA,NA,0.251188643150958,NA,NA,0.293387694233808,-9.5
21240,2021,"235","300",1,"F3C0_0|05M",5,3,4,4,75,0.111111111,NA,0.3,-1.5,NA,NA,NA,NA,NA,NA,NA,NA,NA,NA,NA,NA,NA,NA,-0.4,NA,NA,NA,1,0,0,0,0,1,0,0,2,0,0.661006898781409,-0.234233272439569,-0.706042055725985,NA,1.99526231496888,0.0316227766016838,NA,NA,NA,NA,NA,NA,NA,NA,NA,NA,NA,NA,NA,NA,NA,0.398107170553497,NA,NA,2.42499226212406,-1.6
21241,2021,"257","1907",1,"CX9V_F102",6,2,3,4,50,0.194444445,NA,NA,NA,NA,NA,NA,NA,NA,NA,NA,NA,NA,NA,NA,NA,NA,NA,-1.6,NA,NA,NA,0,0,0,0,0,1,0,0,1,0,-0.20656465586919,0.48124049714349,-0.482714090817601,NA,NA,NA,NA,NA,NA,NA,NA,NA,NA,NA,NA,NA,NA,NA,NA,NA,NA,0.0251188643150958,NA,NA,0.0251188643150958,-1.6
21242,2021,"217","109",1,"CXW3",6,2,2,5,40,0.222222,NA,NA,-1.5,-0.8,NA,-1.6,NA,NA,NA,NA,-1.7,NA,NA,NA,NA,NA,NA,0.1,NA,NA,NA,1,0,1,0,0,1,0,0,3,1,-0.553593277729429,0.719729839063384,-0.482714090817601,NA,NA,0.0316227766016838,0.158489319246111,NA,0.0251188643150958,NA,NA,NA,NA,0.0199526231496888,NA,NA,NA,NA,NA,NA,NA,1.25892541179417,NA,NA,1.49410899510675,-5.5
21243,2021,"259","236",2,"N4N6",8,2,3,5,40,0.166667,NA,NA,NA,NA,NA,NA,NA,NA,NA,NA,NA,NA,NA,NA,NA,NA,NA,1.8,NA,NA,NA,0,0,0,0,0,1,0,0,1,0,-0.553593277729429,0.242752099648964,-0.036058161000833,NA,NA,NA,NA,NA,NA,NA,NA,NA,NA,NA,NA,NA,NA,NA,NA,NA,NA,63.0957344480193,NA,NA,63.0957344480193,1.8
21244,2021,"237","952",1,"842F",NA,2,5,6,33,0,NA,NA,NA,-2,NA,NA,NA,NA,NA,NA,NA,NA,NA,NA,NA,NA,1.8,0.7,NA,NA,NA,1,0,0,0,0,1,1,0,3,1,-0.796513313031597,-1.18819828996463,NA,NA,NA,NA,0.01,NA,NA,NA,NA,NA,NA,NA,NA,NA,NA,NA,NA,63.0957344480193,NA,5.01187233627272,NA,NA,68.1176067842921,0.5
21245,2021,"261","901",1,"6WMS",20,3,3,5,60,0.166667,NA,NA,-0.8,0.9,NA,NA,NA,NA,NA,NA,NA,NA,NA,NA,NA,NA,NA,2,NA,NA,NA,1,0,0,0,0,1,0,0,2,0,0.140463965991049,0.242752099648964,2.64387741789978,NA,NA,0.158489319246111,7.94328234724282,NA,NA,NA,NA,NA,NA,NA,NA,NA,NA,NA,NA,NA,NA,100,NA,NA,108.101771666489,2.1
21246,2021,"211","35",1,"CX94_F104",6,3,3,4,75,0.166666665,NA,NA,NA,-1,NA,-1.9,-0.8,NA,NA,NA,NA,NA,NA,NA,NA,NA,NA,0.5,NA,NA,NA,1,0,0,0,0,1,0,0,2,0,0.661006898781409,0.242749223444433,-0.482714090817601,NA,NA,NA,0.1,NA,0.0125892541179417,0.158489319246111,NA,NA,NA,NA,NA,NA,NA,NA,NA,NA,NA,3.16227766016838,NA,NA,3.43335623353243,-3.2
21247,2021,"263","910",2,"MX76",10,4,5,5,80,0.277778,NA,NA,NA,NA,NA,NA,NA,NA,NA,NA,NA,NA,NA,NA,NA,NA,NA,0.4,NA,NA,NA,0,0,0,0,0,1,0,0,1,0,0.834521209711528,1.19671616416297,0.410597768815935,NA,NA,NA,NA,NA,NA,NA,NA,NA,NA,NA,NA,NA,NA,NA,NA,NA,NA,2.51188643150958,NA,NA,2.51188643150958,0.4
21248,2021,"279","10",1,"N170_0|016",7,2,3,4,50,0.111111115,NA,NA,-1.9,NA,NA,NA,-1,NA,NA,NA,NA,NA,NA,NA,NA,NA,NA,-0.4,NA,NA,NA,1,0,0,0,0,1,0,0,2,0,-0.20656465586919,-0.234233238096828,-0.259386125909217,NA,NA,0.0125892541179417,NA,NA,NA,0.1,NA,NA,NA,NA,NA,NA,NA,NA,NA,NA,NA,0.398107170553497,NA,NA,0.510696424671439,-3.3
21249,2021,"227","305",1,NA,NA,3,4,4,75,NA,NA,NA,NA,NA,-0.7,NA,-0.7,NA,NA,NA,NA,NA,NA,NA,NA,NA,NA,2.1,NA,NA,NA,1,0,0,0,0,1,0,0,2,0,0.661006898781409,NA,NA,NA,NA,NA,NA,0.199526231496888,NA,0.199526231496888,NA,NA,NA,NA,NA,NA,NA,NA,NA,NA,NA,125.892541179417,NA,NA,126.291593642411,0.7
21250,2021,"231","230",1,"2CA7",22,0,0,4,0,0.05555556,-2.9,-4.7,NA,-2.6,NA,-2.6,-2.2,NA,NA,-2.2,-3.9,-1.2,-3.7,NA,-2.4,NA,-1.1,0.1,NA,NA,NA,1,1,1,1,1,1,1,0,7,1,-1.94170776517039,-0.711215742566516,3.09053334771654,0.00125892541179417,1.99526231496888e-05,NA,0.00251188643150958,NA,0.00251188643150958,0.00630957344480193,NA,NA,0.00630957344480193,0.000125892541179417,0.0630957344480193,0.000199526231496888,NA,0.00398107170553497,NA,0.0794328234724281,NA,1.25892541179417,NA,NA,1.42468225798039,-29.4
21251,2021,"275b","240",1,NA,NA,2,4,5,40,NA,NA,NA,NA,NA,0.2,NA,0.1,NA,NA,NA,NA,NA,NA,NA,NA,NA,NA,0.5,0,NA,NA,1,0,0,0,0,1,1,0,3,1,-0.553593277729429,NA,NA,NA,NA,NA,NA,1.58489319246111,NA,1.25892541179417,NA,NA,NA,NA,NA,NA,NA,NA,NA,NA,1,3.16227766016838,NA,NA,7.00609626442366,0.8
21252,2021,"243","304",1,"C967",7,2,2,3,67,0.055556,NA,NA,NA,NA,NA,NA,NA,NA,NA,NA,NA,NA,NA,NA,NA,NA,NA,0,0.3,NA,0.6,0,0,0,0,0,1,1,1,3,1,0.383384001293217,-0.711211964865043,-0.259386125909217,NA,NA,NA,NA,NA,NA,NA,NA,NA,NA,NA,NA,NA,NA,NA,NA,NA,1.99526231496888,1,NA,3.98107170553497,6.97633402050385,0.9
21253,2021,"223","802",1,NA,NA,3,3,4,75,NA,NA,NA,NA,NA,-0.2,NA,NA,NA,NA,NA,NA,NA,NA,NA,NA,NA,1.9,1,NA,NA,NA,1,0,0,0,0,1,1,0,3,1,0.661006898781409,NA,NA,NA,NA,NA,NA,0.630957344480193,NA,NA,NA,NA,NA,NA,NA,NA,NA,NA,NA,79.4328234724281,NA,10,NA,NA,90.0637808169083,2.7
21254,2021,"245","234",1,"C982",7,3,4,4,75,0.055556,NA,-3.6,NA,-1.9,NA,-1.8,-0.6,NA,NA,-2.4,-3,-2.5,NA,NA,-1.4,NA,NA,-0.1,NA,NA,NA,1,1,1,0,1,1,0,0,5,1,0.661006898781409,-0.711211964865043,-0.259386125909217,NA,0.000251188643150958,NA,0.0125892541179417,NA,0.0158489319246111,0.251188643150958,NA,NA,0.00398107170553497,0.001,0.00316227766016838,NA,NA,0.0398107170553497,NA,NA,NA,0.794328234724281,NA,NA,1.122160318982,-17.3
21255,2021,"221","2018",1,NA,NA,3,3,4,75,NA,NA,NA,NA,NA,NA,NA,NA,NA,NA,-0.2,NA,NA,NA,NA,NA,NA,NA,1.9,NA,NA,NA,0,1,0,0,0,1,0,0,2,0,0.661006898781409,NA,NA,NA,NA,NA,NA,NA,NA,NA,NA,NA,0.630957344480193,NA,NA,NA,NA,NA,NA,NA,NA,79.4328234724281,NA,NA,80.0637808169083,1.7
21256,2021,"249","1901",1,"0|00L",4,2,2,3,67,0.055556,NA,NA,NA,NA,-0.8,NA,NA,NA,NA,NA,NA,NA,NA,NA,NA,NA,NA,0.1,NA,NA,NA,1,0,0,0,0,1,0,0,2,0,0.383384001293217,-0.711211964865043,-0.929370020634369,NA,NA,NA,NA,0.158489319246111,NA,NA,NA,NA,NA,NA,NA,NA,NA,NA,NA,NA,NA,1.25892541179417,NA,NA,1.41741473104028,-0.7
21257,2021,"301","304",2,"C967",7,2,2,3,67,0.05555556,NA,NA,NA,NA,NA,NA,-2.3,NA,NA,-2.4,NA,NA,NA,NA,NA,NA,NA,-2,NA,NA,NA,1,1,0,0,0,1,0,0,3,1,0.383384001293217,-0.711215742566516,-0.259386125909217,NA,NA,NA,NA,NA,NA,0.00501187233627272,NA,NA,0.00398107170553497,NA,NA,NA,NA,NA,NA,NA,NA,0.01,NA,NA,0.0189929440418077,-6.7
21258,2021,"303","109",2,"CXW3",6,2,2,5,40,0.222222,NA,NA,NA,NA,NA,NA,NA,NA,NA,NA,NA,0.2,NA,NA,NA,NA,NA,0.3,NA,NA,NA,0,0,1,0,0,1,0,0,2,0,-0.553593277729429,0.719729839063384,-0.482714090817601,NA,NA,NA,NA,NA,NA,NA,NA,NA,NA,NA,1.58489319246111,NA,NA,NA,NA,NA,NA,1.99526231496888,NA,NA,3.58015550742999,0.5
21259,2021,"305","300",2,"F3C0_0|05M",5,3,4,4,75,0.111111111,NA,NA,NA,NA,NA,NA,NA,NA,NA,NA,NA,NA,NA,NA,NA,NA,NA,0,NA,NA,NA,0,0,0,0,0,1,0,0,1,0,0.661006898781409,-0.234233272439569,-0.706042055725985,NA,NA,NA,NA,NA,NA,NA,NA,NA,NA,NA,NA,NA,NA,NA,NA,NA,NA,1,NA,NA,1,0
21260,2021,"343","901",2,"6WMS",20,3,3,5,60,0.166667,NA,-3.3,-4,-4.9,-3.8,-4.9,-2.6,-3.9,NA,-1.7,-3.2,-1.5,NA,NA,-3,NA,NA,-2.5,-3.3,NA,NA,1,1,1,0,1,1,1,0,6,1,0.140463965991049,0.242752099648964,2.64387741789978,NA,0.000501187233627273,1e-04,1.25892541179417e-05,0.000158489319246111,1.25892541179417e-05,0.00251188643150958,0.000125892541179417,NA,0.0199526231496888,0.000630957344480193,0.0316227766016838,NA,NA,0.001,NA,NA,0.000501187233627273,0.00316227766016838,NA,NA,0.0602924560234467,-42.6
21261,2021,"317","12",2,"C98A",NA,3,3,3,100,0,NA,NA,NA,NA,NA,NA,NA,NA,NA,NA,NA,NA,NA,NA,NA,NA,NA,0.7,NA,NA,0.3,0,0,0,0,0,1,0,1,2,0,1.52857845343201,-1.18819828996463,NA,NA,NA,NA,NA,NA,NA,NA,NA,NA,NA,NA,NA,NA,NA,NA,NA,NA,NA,5.01187233627272,NA,1.99526231496888,7.0071346512416,1
21262,2021,"313","1908",2,"C9AM_7326",13.5,3,5,5,60,0.083333335,NA,NA,NA,NA,NA,NA,0,NA,NA,0,NA,NA,NA,NA,NA,NA,NA,1.9,NA,NA,NA,1,1,0,0,0,1,0,0,3,1,0.140463965991049,-0.472724511795885,1.19224564599528,NA,NA,NA,NA,NA,NA,1,NA,NA,1,NA,NA,NA,NA,NA,NA,NA,NA,79.4328234724281,NA,NA,81.4328234724281,1.9
21263,2021,"319","10",2,"N170_0|016",7,2,3,4,50,0.111111115,NA,NA,NA,NA,NA,NA,NA,NA,NA,NA,NA,NA,NA,NA,NA,NA,NA,1.3,NA,NA,-0.9,0,0,0,0,0,1,0,1,2,0,-0.20656465586919,-0.234233238096828,-0.259386125909217,NA,NA,NA,NA,NA,NA,NA,NA,NA,NA,NA,NA,NA,NA,NA,NA,NA,NA,19.9526231496888,NA,0.125892541179417,20.0785156908682,0.4
21264,2021,"233","974b",1,NA,NA,0,0,1,0,NA,NA,NA,NA,NA,NA,NA,NA,NA,NA,NA,NA,NA,NA,NA,NA,NA,NA,2.1,NA,NA,0.4,0,0,0,0,0,1,0,1,2,0,-1.94170776517039,NA,NA,NA,NA,NA,NA,NA,NA,NA,NA,NA,NA,NA,NA,NA,NA,NA,NA,NA,NA,125.892541179417,NA,2.51188643150958,128.404427610926,2.5
21265,2021,"205","301b",1,"NA8A",7,4,4,5,80,0.444444,NA,NA,-1.2,NA,0.1,NA,NA,NA,NA,NA,NA,NA,NA,NA,NA,NA,NA,-0.7,NA,NA,NA,1,0,0,0,0,1,0,0,2,0,0.834521209711528,2.6276579680914,-0.259386125909217,NA,NA,0.0630957344480193,NA,1.25892541179417,NA,NA,NA,NA,NA,NA,NA,NA,NA,NA,NA,NA,NA,0.199526231496888,NA,NA,1.52154737773907,-1.8
21266,2021,"299","35",2,"CX94_F104",6,3,3,4,75,0.166666665,NA,NA,-1.3,NA,NA,NA,-0.4,NA,NA,NA,NA,NA,NA,NA,NA,NA,NA,2,NA,NA,-0.4,1,0,0,0,0,1,0,1,3,1,0.661006898781409,0.242749223444433,-0.482714090817601,NA,NA,0.0501187233627272,NA,NA,NA,0.398107170553497,NA,NA,NA,NA,NA,NA,NA,NA,NA,NA,NA,100,NA,0.398107170553497,100.84633306447,-0.1
21267,2021,"297","34",2,"A09X",11,4,4,5,80,0.05555556,NA,NA,NA,NA,NA,NA,0,NA,NA,NA,NA,NA,NA,NA,NA,NA,NA,0.7,NA,NA,NA,1,0,0,0,0,1,0,0,2,0,0.834521209711528,-0.711215742566516,0.633925733724319,NA,NA,NA,NA,NA,NA,1,NA,NA,NA,NA,NA,NA,NA,NA,NA,NA,NA,5.01187233627272,NA,NA,6.01187233627272,0.7
21268,2021,"295","952",2,"842F",NA,2,5,6,33,0,NA,NA,-2.3,NA,NA,NA,-1,NA,NA,-0.9,NA,-0.8,NA,NA,NA,NA,NA,0.1,NA,NA,NA,1,1,1,0,0,1,0,0,4,1,-0.796513313031597,-1.18819828996463,NA,NA,NA,0.00501187233627272,NA,NA,NA,0.1,NA,NA,0.125892541179417,NA,0.158489319246111,NA,NA,NA,NA,NA,NA,1.25892541179417,NA,NA,1.64831914455597,-4.9
21269,2021,"291","157",2,"N14X",10,3,3,5,60,0.27777778,NA,NA,-1.3,NA,NA,NA,NA,NA,NA,NA,NA,NA,NA,NA,NA,NA,NA,0.7,NA,NA,NA,1,0,0,0,0,1,0,0,2,0,0.140463965991049,1.19671427531223,0.410597768815935,NA,NA,0.0501187233627272,NA,NA,NA,NA,NA,NA,NA,NA,NA,NA,NA,NA,NA,NA,NA,5.01187233627272,NA,NA,5.06199105963545,-0.6
21270,2021,"357","911",2,"CX7V",6,1,1,4,25,0.277778,NA,-2.4,NA,-3.1,NA,NA,-2,NA,NA,-2.3,-3.5,NA,NA,NA,NA,NA,NA,-2,NA,NA,NA,1,1,1,0,0,1,0,0,4,1,-1.07413621051979,1.19671616416297,-0.482714090817601,NA,0.00398107170553497,NA,0.000794328234724281,NA,NA,0.01,NA,NA,0.00501187233627272,0.000316227766016838,NA,NA,NA,NA,NA,NA,NA,0.01,NA,NA,0.0301035000425488,-15.3
21271,2021,"355","236",2,"N4N6",8,2,3,5,40,0.166667,NA,NA,NA,NA,NA,NA,NA,NA,NA,NA,NA,-1.4,NA,NA,NA,NA,NA,0.9,NA,NA,NA,0,0,1,0,0,1,0,0,2,0,-0.553593277729429,0.242752099648964,-0.036058161000833,NA,NA,NA,NA,NA,NA,NA,NA,NA,NA,NA,0.0398107170553497,NA,NA,NA,NA,NA,NA,7.94328234724282,NA,NA,7.98309306429817,-0.5
21272,2021,"351","2018",2,NA,NA,3,3,4,75,NA,NA,NA,-3.5,-3,NA,-1.3,-1.4,NA,NA,NA,-2.2,-3,NA,NA,-1.8,NA,-1.4,0.3,NA,NA,NA,1,0,1,0,1,1,1,0,5,1,0.661006898781409,NA,NA,NA,NA,0.000316227766016838,0.001,NA,0.0501187233627272,0.0398107170553497,NA,NA,NA,0.00630957344480193,0.001,NA,NA,0.0158489319246111,NA,0.0398107170553497,NA,1.99526231496888,NA,NA,2.14947720557774,-17.3
21273,2021,"337","305",2,NA,NA,3,4,4,75,NA,NA,NA,NA,NA,NA,NA,NA,NA,NA,NA,-1.4,NA,NA,NA,NA,NA,NA,2.3,NA,NA,NA,0,0,1,0,0,1,0,0,2,0,0.661006898781409,NA,NA,NA,NA,NA,NA,NA,NA,NA,NA,NA,NA,0.0398107170553497,NA,NA,NA,NA,NA,NA,NA,199.526231496888,NA,NA,199.566042213943,0.9
21274,2021,"333","1901",2,"0|00L",4,2,2,3,67,0.055556,NA,NA,-2.8,NA,NA,-2.5,-1,NA,NA,-2.2,-2.3,-2.2,NA,NA,NA,NA,NA,-1.3,NA,NA,NA,1,1,1,0,0,1,0,0,4,1,0.383384001293217,-0.711211964865043,-0.929370020634369,NA,NA,0.00158489319246111,NA,NA,0.00316227766016838,0.1,NA,NA,0.00630957344480193,0.00501187233627272,0.00630957344480193,NA,NA,NA,NA,NA,NA,0.0501187233627272,NA,NA,0.172496913441233,-14.3
21275,2021,"329","802",2,NA,NA,3,3,4,75,NA,NA,NA,NA,NA,NA,NA,NA,NA,NA,-1.5,-2.1,NA,NA,NA,NA,NA,0,NA,NA,NA,NA,0,1,1,0,0,0,1,0,3,1,0.661006898781409,NA,NA,NA,NA,NA,NA,NA,NA,NA,NA,NA,0.0316227766016838,0.00794328234724281,NA,NA,NA,NA,NA,1,NA,NA,NA,NA,1.03956605894893,-3.6
21276,2021,"345","A02",2,NA,NA,3,3,5,60,NA,NA,NA,NA,NA,NA,NA,-2,NA,NA,-2,-2.6,NA,NA,NA,NA,NA,NA,-2.1,NA,NA,NA,1,1,1,0,0,1,0,0,4,1,0.140463965991049,NA,NA,NA,NA,NA,NA,NA,NA,0.01,NA,NA,0.01,0.00251188643150958,NA,NA,NA,NA,NA,NA,NA,0.00794328234724281,NA,NA,0.0304551687787524,-8.7
21277,2021,"309","234",2,"C982",7,3,4,4,75,0.055556,NA,NA,-2.5,NA,NA,NA,NA,NA,NA,NA,NA,NA,NA,NA,NA,NA,NA,-0.9,NA,NA,NA,1,0,0,0,0,1,0,0,2,0,0.661006898781409,-0.711211964865043,-0.259386125909217,NA,NA,0.00316227766016838,NA,NA,NA,NA,NA,NA,NA,NA,NA,NA,NA,NA,NA,NA,NA,0.125892541179417,NA,NA,0.129054818839585,-3.4
21278,2021,"289","301b",2,"NA8A",7,4,4,5,80,0.444444,NA,NA,NA,NA,NA,NA,NA,NA,NA,NA,NA,NA,NA,NA,NA,NA,NA,2.1,NA,NA,NA,0,0,0,0,0,1,0,0,1,0,0.834521209711528,2.6276579680914,-0.259386125909217,NA,NA,NA,NA,NA,NA,NA,NA,NA,NA,NA,NA,NA,NA,NA,NA,NA,NA,125.892541179417,NA,NA,125.892541179417,2.1
21279,2021,"910","910",3,"MX76",10,4,5,5,80,0.277778,NA,NA,NA,NA,NA,NA,-0.1,NA,NA,NA,NA,NA,NA,NA,NA,NA,NA,1.6,1.9,NA,NA,1,0,0,0,0,1,1,0,3,1,0.834521209711528,1.19671616416297,0.410597768815935,NA,NA,NA,NA,NA,NA,0.794328234724281,NA,NA,NA,NA,NA,NA,NA,NA,NA,NA,79.4328234724281,39.8107170553497,NA,NA,120.037868762502,3.4
21280,2021,"236","236",3,"N4N6",8,2,3,5,40,0.166667,NA,NA,NA,NA,NA,NA,NA,NA,NA,0.2,NA,NA,NA,NA,NA,NA,NA,0.9,NA,NA,0.6,0,1,0,0,0,1,0,1,3,1,-0.553593277729429,0.242752099648964,-0.036058161000833,NA,NA,NA,NA,NA,NA,NA,NA,NA,1.58489319246111,NA,NA,NA,NA,NA,NA,NA,NA,7.94328234724282,NA,3.98107170553497,13.5092472452389,1.7
21281,2021,"300","300",3,"F3C0_0|05M",5,3,4,4,75,0.111111111,NA,NA,NA,NA,-1.8,NA,-1.5,NA,NA,NA,NA,NA,NA,NA,NA,NA,NA,-1.3,NA,NA,NA,1,0,0,0,0,1,0,0,2,0,0.661006898781409,-0.234233272439569,-0.706042055725985,NA,NA,NA,NA,0.0158489319246111,NA,0.0316227766016838,NA,NA,NA,NA,NA,NA,NA,NA,NA,NA,NA,0.0501187233627272,NA,NA,0.0975904318890221,-4.6
21282,2021,"802","802",3,NA,NA,3,3,4,75,NA,NA,NA,NA,NA,-0.3,NA,NA,NA,NA,NA,NA,NA,NA,NA,NA,NA,NA,2,NA,NA,NA,1,0,0,0,0,1,0,0,2,0,0.661006898781409,NA,NA,NA,NA,NA,NA,0.501187233627272,NA,NA,NA,NA,NA,NA,NA,NA,NA,NA,NA,NA,NA,100,NA,NA,100.501187233627,1.7
21283,2021,"952","952",3,"842F",NA,2,5,6,33,0,NA,NA,NA,NA,NA,NA,0.1,NA,NA,NA,NA,NA,NA,NA,NA,NA,NA,2,NA,NA,NA,1,0,0,0,0,1,0,0,2,0,-0.796513313031597,-1.18819828996463,NA,NA,NA,NA,NA,NA,NA,1.25892541179417,NA,NA,NA,NA,NA,NA,NA,NA,NA,NA,NA,100,NA,NA,101.258925411794,2.1
21284,2021,"1901","1901",3,"0|00L",4,2,2,3,67,0.055556,-2.9,-3.9,-4,-4.2,-3.6,-5.5,-4.2,NA,NA,-3.8,NA,-3,NA,NA,NA,NA,0,-0.3,-4.4,NA,NA,1,1,1,0,0,1,1,0,5,1,0.383384001293217,-0.711211964865043,-0.929370020634369,0.00125892541179417,0.000125892541179417,1e-04,6.30957344480193e-05,0.000251188643150958,3.16227766016838e-06,6.30957344480193e-05,NA,NA,0.000158489319246111,NA,0.001,NA,NA,NA,NA,1,3.98107170553497e-05,0.501187233627272,NA,NA,1.50425089400625,-39.8
21285,2021,"35","35",3,"CX94_F104",6,3,3,4,75,0.166666665,NA,NA,NA,NA,0.2,NA,-0.3,NA,NA,NA,NA,NA,NA,NA,NA,NA,1.4,2,0.7,NA,NA,1,0,0,0,0,1,1,0,3,1,0.661006898781409,0.242749223444433,-0.482714090817601,NA,NA,NA,NA,1.58489319246111,NA,0.501187233627272,NA,NA,NA,NA,NA,NA,NA,NA,NA,25.1188643150958,5.01187233627272,100,NA,NA,132.216817077457,4
21286,2021,"34","34",3,"A09X",11,4,4,5,80,0.055556,NA,NA,NA,NA,NA,NA,NA,NA,NA,NA,NA,0.5,NA,NA,NA,NA,NA,1.7,NA,NA,NA,0,0,1,0,0,1,0,0,2,0,0.834521209711528,-0.711211964865043,0.633925733724319,NA,NA,NA,NA,NA,NA,NA,NA,NA,NA,NA,3.16227766016838,NA,NA,NA,NA,NA,NA,50.1187233627272,NA,NA,53.2810010228956,2.2
21287,2021,"1907","1907",3,"CX9V_F102",6,2,3,4,50,0.194444445,NA,NA,NA,NA,NA,NA,NA,NA,NA,NA,NA,NA,NA,NA,NA,NA,NA,1,NA,NA,NA,0,0,0,0,0,1,0,0,1,0,-0.20656465586919,0.48124049714349,-0.482714090817601,NA,NA,NA,NA,NA,NA,NA,NA,NA,NA,NA,NA,NA,NA,NA,NA,NA,NA,10,NA,NA,10,1
21288,2021,"143","143",3,"0|005",4,3,3,4,75,0,-2.3,-2.1,-2.9,-2.9,NA,-3.1,-2.1,NA,-2.5,-1.4,-2.8,-1.1,NA,NA,-1.5,NA,-0.2,0,-3.5,NA,NA,1,1,1,0,1,1,1,0,6,1,0.661006898781409,-1.18819828996463,-0.929370020634369,0.00501187233627272,0.00794328234724281,0.00125892541179417,0.00125892541179417,NA,0.000794328234724281,0.00794328234724281,NA,0.00316227766016838,0.0398107170553497,0.00158489319246111,0.0794328234724281,NA,NA,0.0316227766016838,NA,0.630957344480193,0.000316227766016838,1,NA,NA,1.81109767631737,-28.4
21289,2021,"157","157",3,"N14X",10,3,3,5,60,0.27777778,-3.2,NA,-3.8,-0.4,NA,-3.9,-0.7,NA,NA,NA,-2.1,-2.6,NA,NA,-2,NA,-1,-0.9,NA,NA,NA,1,0,1,0,1,1,1,0,5,1,0.140463965991049,1.19671427531223,0.410597768815935,0.000630957344480193,NA,0.000158489319246111,0.398107170553497,NA,0.000125892541179417,0.199526231496888,NA,NA,NA,0.00794328234724281,0.00251188643150958,NA,NA,0.01,NA,0.1,NA,0.125892541179417,NA,NA,0.84489645121346,-20.6
21290,2021,"301","301b",3,"NA8A",7,4,4,5,80,0.444444,NA,-3.2,NA,-3.7,NA,-4.1,-2.3,NA,NA,-2.9,-0.8,-2.8,NA,NA,-0.9,NA,-0.9,-1.3,-2.3,NA,NA,1,1,1,0,1,1,1,0,6,1,0.834521209711528,2.6276579680914,-0.259386125909217,NA,0.000630957344480193,NA,0.000199526231496888,NA,7.94328234724282e-05,0.00501187233627272,NA,NA,0.00125892541179417,0.158489319246111,0.00158489319246111,NA,NA,0.125892541179417,NA,0.125892541179417,0.00501187233627272,0.0501187233627272,NA,NA,0.474170604643922,-25.2
21291,2021,"109","109",3,"CXW3",6,2,2,5,40,0.222222,NA,NA,NA,NA,NA,NA,NA,NA,NA,NA,NA,NA,NA,NA,NA,NA,NA,0.8,NA,NA,NA,0,0,0,0,0,1,0,0,1,0,-0.553593277729429,0.719729839063384,-0.482714090817601,NA,NA,NA,NA,NA,NA,NA,NA,NA,NA,NA,NA,NA,NA,NA,NA,NA,NA,6.30957344480193,NA,NA,6.30957344480193,0.8
21292,2021,"234","234",3,"C982",7,3,4,4,75,0.055556,NA,NA,NA,NA,NA,NA,0.3,NA,NA,NA,NA,NA,0,NA,NA,NA,NA,1.9,NA,NA,NA,1,0,0,1,0,1,0,0,3,1,0.661006898781409,-0.711211964865043,-0.259386125909217,NA,NA,NA,NA,NA,NA,1.99526231496888,NA,NA,NA,NA,NA,1,NA,NA,NA,NA,NA,79.4328234724281,NA,NA,82.428085787397,2.2
21293,2021,"240","240",3,NA,NA,2,4,5,40,NA,NA,NA,NA,NA,NA,NA,-1.1,NA,NA,NA,NA,NA,NA,NA,NA,NA,0.5,-0.2,-0.7,NA,NA,1,0,0,0,0,1,1,0,3,1,-0.553593277729429,NA,NA,NA,NA,NA,NA,NA,NA,0.0794328234724281,NA,NA,NA,NA,NA,NA,NA,NA,NA,3.16227766016838,0.199526231496888,0.630957344480193,NA,NA,4.07219405961789,-1.5
21294,2021,"2018","2018",3,NA,NA,3,3,4,75,NA,NA,NA,-2.4,-2.3,-2.3,-3.3,-1.7,NA,NA,-1.7,-0.3,-1.2,NA,NA,0.1,NA,NA,0.6,-2,NA,NA,1,1,1,0,1,1,1,0,6,1,0.661006898781409,NA,NA,NA,NA,0.00398107170553497,0.00501187233627272,0.00501187233627272,0.000501187233627273,0.0199526231496888,NA,NA,0.0199526231496888,0.501187233627272,0.0630957344480193,NA,NA,1.25892541179417,NA,NA,0.01,3.98107170553497,NA,NA,5.86869133531552,-16.5
21295,2021,"901","901",3,"6WMS",20,3,3,5,60,0.166667,NA,NA,NA,NA,NA,NA,NA,NA,NA,NA,NA,NA,NA,NA,NA,NA,NA,1.8,NA,NA,NA,0,0,0,0,0,1,0,0,1,0,0.140463965991049,0.242752099648964,2.64387741789978,NA,NA,NA,NA,NA,NA,NA,NA,NA,NA,NA,NA,NA,NA,NA,NA,NA,NA,63.0957344480193,NA,NA,63.0957344480193,1.8
21296,2021,"A02","A02",3,NA,NA,3,3,5,60,NA,NA,-1,NA,NA,-1.4,-2.7,-1.2,NA,NA,-1,NA,-1,NA,NA,NA,NA,NA,0.4,NA,NA,NA,1,1,1,0,0,1,0,0,4,1,0.140463965991049,NA,NA,NA,0.1,NA,NA,0.0398107170553497,0.00199526231496888,0.0630957344480193,NA,NA,0.1,NA,0.1,NA,NA,NA,NA,NA,NA,2.51188643150958,NA,NA,2.91678814532792,-7.9
21297,2021,"1908","1908",3,"C9AM_7326",13.5,3,5,5,60,0.083333335,NA,NA,-2.8,NA,-1.7,NA,-1.9,NA,NA,NA,NA,-1.8,NA,NA,NA,NA,NA,-0.4,NA,NA,NA,1,0,1,0,0,1,0,0,3,1,0.140463965991049,-0.472724511795885,1.19224564599528,NA,NA,0.00158489319246111,NA,0.0199526231496888,NA,0.0125892541179417,NA,NA,NA,NA,0.0158489319246111,NA,NA,NA,NA,NA,NA,0.398107170553497,NA,NA,0.4480828729382,-8.6
21298,2021,"911","911",3,"CX7V",6,1,1,4,25,0.277778,NA,0.7,NA,NA,NA,NA,NA,NA,NA,-0.1,NA,-0.2,NA,NA,NA,NA,0.5,1.8,0,NA,NA,1,1,1,0,0,1,1,0,5,1,-1.07413621051979,1.19671616416297,-0.482714090817601,NA,5.01187233627272,NA,NA,NA,NA,NA,NA,NA,0.794328234724281,NA,0.630957344480193,NA,NA,NA,NA,3.16227766016838,1,63.0957344480193,NA,NA,73.6951700236649,2.7
21299,2021,"12","12",3,"C98A",NA,3,3,3,100,0,NA,NA,-4.4,-4.6,-3.5,NA,-0.9,NA,NA,NA,NA,-3,NA,NA,-1.8,-2.9,-2.3,-2.4,NA,NA,NA,1,0,1,0,1,1,1,0,5,1,1.52857845343201,-1.18819828996463,NA,NA,NA,3.98107170553497e-05,2.51188643150958e-05,0.000316227766016838,NA,0.125892541179417,NA,NA,NA,NA,0.001,NA,NA,0.0158489319246111,0.00125892541179417,0.00501187233627272,NA,0.00398107170553497,NA,NA,0.153374499905017,-25.8
21300,2021,"10","10",3,"N170_0|016",7,2,3,4,50,0.111111115,NA,NA,NA,NA,NA,NA,NA,NA,NA,NA,NA,NA,NA,NA,NA,NA,NA,0.9,NA,NA,NA,0,0,0,0,0,1,0,0,1,0,-0.20656465586919,-0.234233238096828,-0.259386125909217,NA,NA,NA,NA,NA,NA,NA,NA,NA,NA,NA,NA,NA,NA,NA,NA,NA,NA,7.94328234724282,NA,NA,7.94328234724282,0.9
21301,2020,"65","157",3,"N14X",10,3,3,5,60,NA,NA,NA,NA,NA,NA,-1,-0.8,NA,NA,NA,NA,NA,NA,NA,NA,NA,NA,-0.5,NA,NA,NA,1,0,0,0,0,1,0,0,2,0,0.140463965991049,NA,0.410597768815935,NA,NA,NA,NA,NA,0.1,0.158489319246111,NA,NA,NA,NA,NA,NA,NA,NA,NA,NA,NA,0.316227766016838,NA,NA,0.574717085262949,-2.3
21354,2021,"305","305",3,NA,NA,3,4,4,75,NA,NA,NA,NA,NA,NA,NA,NA,NA,NA,-2.4,-2.7,NA,NA,NA,NA,NA,NA,0.6,NA,NA,NA,0,1,1,0,0,1,0,0,3,1,0.661006898781409,NA,NA,NA,NA,NA,NA,NA,NA,NA,NA,NA,0.00398107170553497,0.00199526231496888,NA,NA,NA,NA,NA,NA,NA,3.98107170553497,NA,NA,3.98704803955548,-4.5
21355,2021,"304","304",3,"C967",7,2,2,3,67,0.05555556,NA,NA,NA,NA,NA,NA,NA,NA,NA,-0.2,-0.6,NA,NA,NA,NA,NA,NA,2,NA,NA,NA,0,1,1,0,0,1,0,0,3,1,0.383384001293217,-0.711215742566516,-0.259386125909217,NA,NA,NA,NA,NA,NA,NA,NA,NA,0.630957344480193,0.251188643150958,NA,NA,NA,NA,NA,NA,NA,100,NA,NA,100.882145987631,1.2
